{"cameraMode":{"drawMode":0,"name":"Shaded","section":"Shading Mode"},"sceneLighting":true,"audioPlay":false,"sceneViewState":{"m_AlwaysRefresh":false,"showFog":true,"showSkybox":true,"showFlares":true,"showImageEffects":true,"showParticleSystems":true,"showVisualEffectGraphs":true,"m_FxEnabled":true},"in2DMode":false,"pivot":{"x":-5.606656074523926,"y":0.16008061170578004,"z":25.47049903869629},"rotation":{"x":-0.05867990478873253,"y":0.05715164914727211,"z":-0.003368712030351162,"w":-0.9966413378715515},"size":7.863796234130859,"orthographic":false}