{"cameraMode":{"drawMode":0,"name":"Shaded","section":"Shading Mode"},"sceneLighting":true,"audioPlay":false,"sceneViewState":{"m_AlwaysRefresh":false,"showFog":true,"showSkybox":true,"showFlares":true,"showImageEffects":true,"showParticleSystems":true,"showVisualEffectGraphs":true,"m_FxEnabled":true},"in2DMode":false,"pivot":{"x":-1.083831787109375,"y":-0.5332002639770508,"z":22.392353057861329},"rotation":{"x":0.0929979607462883,"y":0.06150361895561218,"z":-0.005752155091613531,"w":0.9937576651573181},"size":23.409332275390626,"orthographic":false}