{"cameraMode":{"drawMode":0,"name":"Shaded","section":"Shading Mode"},"sceneLighting":true,"audioPlay":false,"sceneViewState":{"m_AlwaysRefresh":false,"showFog":true,"showSkybox":true,"showFlares":true,"showImageEffects":true,"showParticleSystems":true,"showVisualEffectGraphs":true,"m_FxEnabled":true},"in2DMode":false,"pivot":{"x":-3.9722611904144289,"y":-2.682567596435547,"z":5.437071800231934},"rotation":{"x":0.0002763472148217261,"y":0.9997280836105347,"z":-0.01830693893134594,"w":0.014982391148805619},"size":8.692543029785157,"orthographic":false}